#
# アドレスファイルサンプル
#                    by Yuuichi Teranishi <teranisi@gohome.org>
# Time-stamp: <2013-07-22 13:38:38 shun>
#
# '#' で始まる行はコメント。
# 空行は無視。
#
# メールアドレス  "あだ名" "本名"
#
#foo@bar.com			"ふーさん"	"Mr. Foo"
#bar@foo.com			"ばーさん"	"Mr. Bar"
shun@squi.sh			"shun"		"shun"
shun@gnusic.net			"shun"		"shun"
shun@ar.ms			"shun"		"shun"

#bot
twitter@squi.sh                 ""              ""
humanplayer@squi.sh             ""              ""

#hatena diary
e9j5m7nsjc@d.hatena.ne.jp       "hatena"        "hatena"

#mixi
266605-746d1c4934@d.mixi.jp     "mixi"          "mixi"

#
zbigniew@sensorband.com		""		""
atau@xmira.com			""		""
atau@ccrma.stanford.edu		""		""		
ost@test.at			""		""
ost@web.fm			""		""
opt@sdfk.de         ""      ""
hiaz@live.fm			""		""
hiaz@test.at			""		""
#hecker@mego.at			""		""
hecker@editionsmego.com         ""              ""
pr@editionsmego.com           ""              ""
#pita@mego.at			""		""
twisted@mosz.org                ""              ""
ramon@mego.at			""		""
russell@xxxxxxxxxxxxxxxx.demon.co.uk	""		""
franciscolopez@franciscolopez.net       ""      ""
#franciscolopez@csi.com		""		""
#franciscolopez@compuserve.com   ""              ""
tina@frank.at			""		""
jerkerproductions@yahoo.com	""		""
fennesz@rhiz.org		""		""
vsd79299@pc.highway.ne.jp	""		""
yasunaot@mac.com                ""		""
khan8@ideologic.org             ""      ""
truthnsoul@mac.com              ""      ""
bushwick@gmail.com              ""      ""
tomoogokita@ezweb.ne.jp         ""      ""
eikoishibashi@peach.ocn.ne.jp   ""      ""
schmickler@a-musik.com          ""      ""
ugayafukiaezu@gmail.com         ""      ""
01@ryojiikeda.com               ""              ""
illegalart@detritus.net		""		""
jane@detritus.net		""		""
norikon@rk9.so-net.ne.jp	""		""
nakamura@klingt.org             ""              ""
dormir@f3.dion.ne.jp            ""              ""
akikomyk@aol.com                ""              ""
jane.hindson@gmail.com          ""              ""

ky@ymo.org			""		""
takashi@sai.to			""		""
spumco@ezweb.ne.jp              ""              ""
naozumi@takenaka.com		""		""
tetsuya@tsukada.com		""		""
kagaya@kagaya.com		""		""
chiyuki@ymo.net			""		""
oikuyo@hotmail.com		""		""
ikuyo@sqrt.org			""		""
ikuyocci@ezweb.ne.jp		""		""
miwa.yokoyama@wanadoo.fr	""		""
yuka@ymo.net			""		""
murashima@kyodonomori.com	""		""
tado@pp.iij4u.or.jp		""		""
jealousdog@mac.com              ""              ""
#momo@tkg.att.ne.jp		""		""
yamashin@rc5.so-net.ne.jp       ""              ""
mooog@t.vodafone.ne.jp          ""              ""
ishihama.atsuko@sojitz.com      ""              ""
pierre@sfc.wide.ad.jp           ""              ""
pierre@lef.to                   ""              ""
pierre@kether.jp                ""              ""
nazo@wide.ad.jp                 ""              ""
nazo@rca.co.jp                  ""              ""
ymatsuzaka@gmail.com            ""              ""
yohei.matsuzaka@ezweb.ne.jp     ""              ""
tsuda@neo-logue.com             "津田 大介"     "津田 大介"
xtcbz@ezweb.ne.jp               ""              ""
mshk@otolog.jp                  "立薗 理彦"     "立薗 理彦"
iwataj@gmail.com                ""              ""
soon_ja@js7.so-net.ne.jp        ""              ""
info@iamwalking.net             ""              ""
hatsushika@gmail.com            ""              ""
hats-jp@ezweb.ne.jp             ""              ""
aizawa.tat@gmail.com            ""              ""
mk@project92.com                ""              ""
kent0906@ezweb.ne.jp            ""              ""
amarcord20040213@gmail.com      ""              ""
daishi0506@t.vodafone.ne.jp     ""              ""

### serge
sts7@sbcglobal.net              "Rex Probe"     "Rex Probe"

### bizreach
education@bizreach.co.jp        ""              ""

minami@bizreach.co.jp	"南壮一郎"	"南壮一郎"
nagata@bizreach.co.jp	"永田信"	"永田信"
s.takeuchi@leihauoli.com		"Shin Takeuchi"	"Shin Takeuchi"

sato@bizreach.co.jp	"佐藤和男"	"佐藤和男"
sonoda@bizreach.co.jp	"園田剛史"	"園田剛史"
tada@bizreach.co.jp	"多田洋祐"	"多田洋祐"

yoshiyasu.tsutsumi@bizreach.co.jp	"堤克靖"	"堤克靖"
hasebe@bizreach.co.jp	"長谷部学"	"長谷部学"
shoji.tanaka@bizreach.co.jp	"田中庄治"	"田中庄治"
suzuki@bizreach.co.jp		"鈴木康弘"	"鈴木康弘"
tazawa@bizreach.co.jp	"田澤玲子"	"田澤玲子"
hiroshi@bizreach.co.jp	"寛司絢子"	"寛司絢子"
chisato@bizreach.co.jp	"山本千里"	"山本千里"
suzuki@bizreach.co.jp	"鈴木康弘"	"鈴木康弘"
nao@bizreach.co.jp	"佐々木奈央"	"佐々木奈央"
koizumi@bizreach.co.jp	"小泉圭右"	"小泉圭右"
nakatsuyama@bizreach.co.jp	"Nakatsuyama Aya"	"Nakatsuyama Aya"
ikeno@bizreach.co.jp	"池野広一"	     "池野広一"
sakamoto@bizreach.co.jp	"坂本猛"	     "坂本猛"
aoyama@bizreach.co.jp	"Aoyama Hiroyuki"    "Aoyama Hiroyuki"
shoji@bizreach.co.jp	"庄子孝善"	     "庄子孝善"
ogasawara@bizreach.co.jp	"小笠原大輔"	"小笠原大輔"
chikamatsu@bizreach.co.jp	"近松美奈"	"近松美奈"
shizue.takeuchi@bizreach.co.jp	"竹内志寿栄"	"竹内志寿栄"
nakajima@bizreach.co.jp	"中嶋孝昌"		"中嶋孝昌"
kasezawa@bizreach.co.jp	"加瀬澤良年"		"加瀬澤良年"
megumi.honma@bizreach.co.jp	"本間恵"	"本間恵"
aihara@bizreach.co.jp	"相原佑紀"		"相原佑紀"
nishiyama@bizreach.co.jp	"西山はじめ"	"西山はじめ"
kita@bizreach.co.jp	"喜多哲也"		"喜多哲也"
kitano@bizreach.co.jp	"北野良祐"		"北野良祐"
asai@bizreach.co.jp	"浅井野衣"		"浅井野衣"
sunada@bizreach.co.jp	"砂田侑希"		"砂田侑希"
ogura@bizreach.co.jp	"小倉啓太"	"小倉啓太"
maeda@bizreach.co.jp	"前田洋平"	"前田洋平"
yukiko.sato@bizreach.co.jp	"佐藤由紀子"	"佐藤由紀子"
iwami@bizreach.co.jp	"岩見直樹"	"岩見直樹"
jessop@bizreach.co.jp	"Jessop Petroski"	"Jessop Petroski"
jake@bizreach.co.jp	"Jake Cates"	"Jake Cates"
yusuke.yagishita@bizreach.co.jp	"柳下優介"	"柳下優介"
m.kubo@leihauoli.com	"Masahiko Kubo"		"Masahiko Kubo"
isoya@bizreach.co.jp	"磯谷薫"  "磯谷薫"
seki@bizreach.co.jp	"関哲"	  "関哲"
naoko.kuraoka@bizreach.co.jp	"倉岡菜穂子"	"倉岡菜穂子"
tagashira@bizreach.co.jp	"田頭寛子"	"田頭寛子"
ito@bizreach.co.jp	"伊藤善允"		"伊藤善允"
yoshima@bizreach.co.jp	"與島広幸"		"與島広幸"
hori@bizreach.co.jp	"堀健児"		"堀健児"
matsumoto@bizreach.co.jp	"松本"		"松本"
homori@bizreach.co.jp	"甫守美沙"		"甫守美沙"
makino@bizreach.co.jp	"牧野紗依"		"牧野紗依"
noma@bizreach.co.jp	"野間光沖"		"野間光沖"
amemiya@bizreach.co.jp	"雨宮秀樹"		"雨宮秀樹"
jun.sato@bizreach.co.jp	"佐藤潤"		"佐藤潤"
kuzuhara@bizreach.co.jp	"葛原豊"		"葛原豊"
kawakami@bizreach.co.jp	"川上史幸"		"川上史幸"
kokubun@bizreach.co.jp	"國分佑太"		"國分佑太"
sawada@bizreach.co.jp	"澤田千紘"		"澤田千紘"
yuuta.takahashi@bizreach.co.jp	"高橋祐大"	"高橋祐大"
kouchi@bizreach.co.jp	"河内浩貴"		"河内浩貴"
yuuji.yamamoto@bizreach.co.jp	"山本雄二"	"山本雄二"
fujisawa@bizreach.co.jp	"藤沢真聖"		"藤沢真聖"
goto@bizreach.co.jp	"後藤哲侍"		"後藤哲侍"
kawashima@bizreach.co.jp	"川島由希子"	"川島由希子"
kitagawa@bizreach.co.jp	"北川至"		"北川至"
kuriu@bizreach.co.jp	"栗生佳典"		"栗生佳典"
serizawa@bizreach.co.jp	"芹沢和洋"		"芹沢和洋"
tanaka@bizreach.co.jp	"田中佑輝"		"田中佑輝"
tomomi.tamura@bizreach.co.jp	"田村朋美"	"田村朋美"
nukaga@bizreach.co.jp	"額賀智史"		"額賀智史"
miki.shinagawa@bizreach.co.jp	"品川美紀"	"品川美紀"
izawa@bizreach.co.jp	"井澤梓"		"井澤梓"
minako.koganezawa@bizreach.co.jp	"Minako Koganezawa"	"Minako Koganezawa"
misawa@bizreach.co.jp	"三澤正木"	"三澤正木"
joh@bizreach.co.jp	"namhun joh"	"namhun joh"
chiba@bizreach.co.jp	"千葉重文"	"千葉重文"
sasagawa@bizreach.co.jp	"笹川洋"	"笹川洋"
aya.kimura@bizreach.co.jp	"木村彩"	"木村彩"
suwama@bizreach.co.jp	"諏訪間佑輔"		"諏訪間佑輔"
sakamaki@bizreach.co.jp	"酒巻真由美"	"酒巻真由美"
waka.katagiri@bizreach.co.jp	"片桐和香"	"片桐和香"
toyota@bizreach.co.jp		"豊田直紀"	"豊田直紀"
ikenaka@bizreach.co.jp	"池中慎人"	"池中慎人"
yonemasu@bizreach.co.jp	"米増佳樹"	"米増佳樹"
angelin@bizreach.co.jp	"Angelin Miya"	"Angelin Miya"
kato@bizreach.co.jp	"加藤将嗣"	"加藤将嗣"
kumagai@bizreach.co.jp	"熊谷育朗"	"熊谷育朗"
ryuta.sakamoto@bizreach.co.jp	"坂本龍太"	"坂本龍太"
katsumaru@bizreach.co.jp	"勝丸真"	"勝丸真"
komatsuzaki@bizreach.co.jp	"小松崎麻里"	"小松崎麻里"
takakura@bizreach.co.jp		"高倉啓史"	"高倉啓史"
mike@bizreach.co.jp	"Mike Staffa"	"Mike Staffa"
hanai@bizreach.co.jp	"花井功"	"花井功"
wakatsuki@bizreach.co.jp	"若月雄介"	"若月雄介"
nishi@bizreach.co.jp	"西クルミ"	"西クルミ"
orita@bizreach.co.jp	"折田麻里絵"	"折田麻里絵"
tsujishita@bizreach.co.jp	"辻下寛人"	"辻下寛人"
sawaguchi@bizreach.co.jp	"澤口勲"	"澤口勲"
takayuki.suzuki@bizreach.co.jp	"鈴木貴之"	"鈴木貴之"
fukuyama@bizreach.co.jp		"福山憲司"	"福山憲司"
fukuya@bizreach.co.jp		"福家哲郎"	"福家哲郎"
hiroaki.sasaki@bizreach.co.jp	"佐々木博明"	"佐々木博明"
kaseki@bizreach.co.jp	"可世木研太郎"	"可世木研太郎"
nogami@bizreach.co.jp	"野上雅之"	"野上雅之"
yuzuru.kato@bizreach.co.jp	"加藤謙"	"加藤謙"
yamaguchi@bizreach.co.jp	"山口桜子"	"山口桜子"
satoru.tanaka@bizreach.co.jp	"田中聡"	"田中聡"
toda@bizreach.co.jp	"戸田裕朗"	"戸田裕朗"
sotsuka@bizreach.co.jp	"曽束貴則"	"曽束貴則"
yuji.honma@bizreach.co.jp	"本間裕二"	"本間裕二"
shoji.yokoyama@bizreach.co.jp	"横山昌事"	"横山昌事"
hiroto.imamura@bizreach.co.jp	"今村啓人"	"今村啓人"
yumiko.tamaki@bizreach.co.jp	"玉木由美子"	"玉木由美子"
harumi.hoshino@bizreach.co.jp	"星野春美"	"星野春美"
shinya.watanabe@bizreach.co.jp	"渡邉真也"	"渡邉真也"
ryota.komoriya@bizreach.co.jp	"小森谷亮太"	"小森谷亮太"
kazuhiro.yoshimoto@bizreach.co.jp	"吉本和弘"	"吉本和弘"
mashiko@bizreach.co.jp	"益子徹"	"益子徹"
shimomura@bizreach.co.jp	"下村亮介"	"下村亮介"
seunghyun.lim@bizreach.co.jp	"林スンヒョン"	"林スンヒョン"



### media guild
momo@media-guild.com            ""              ""
kitakado@media-guild.com        ""              ""
takash-y@media-guild.com        ""              ""
yoshida@mediaguild.jp           ""              ""

akira.yamamoto@nttcom.co.jp     ""              ""

### CTJ
tanaka@cybertrans-jp.com        ""              ""
sue@cybertrans-jp.com           ""              ""
# pocket lab
k_watanabe@pocket-lab.jp        ""              ""
y_yoshida@pocket-lab.jp         ""              ""
m_tsubaki@pocket-lab.jp         ""              ""


### keel networks ###
#knall@keel.net                  ""              ""
#rodo@keel.net                   ""              ""
#tmz@docomo.ne.jp                ""              ""
#suzuki@keel.net                 ""              ""
#tiger@keel.net                  ""              ""
#maruta@keel.net                 ""              ""
#izuha@keel.net                  ""              ""
#sachi@keel.net                  ""              ""
#kiyoko@keel.net                 ""              ""
#yasaka@keel.net                 ""              ""
#iwata@keel.net                  ""              ""
#pierre@keel.net                 ""              ""
#tomita@keel.net                 ""              ""
#terra@keel.net                  ""              ""
#keiito@keel.net                 ""              ""
#hats@keel.net                   ""              ""
#ta@keel.net                     ""              ""
#noguchi@keel.net                ""              ""
#noguchi0111@gmail.com           ""              ""
#iwtk@keel.net                   ""              ""
#makoto-k@keel.net               ""              ""
#ymatsuzaka@keel.net             ""              ""
#yasuhiks@keel.net               ""              ""
#yhiromi@keel.net                ""              ""
#kouko@keel.net                  ""              ""
#takada@keel.net                 ""              ""
#nakamura@keel.net               ""              ""
#hitoya.nakamura@docomo.ne.jp    ""              ""
#aap3rkm@keel.net                ""              ""
### rodo嫁
#rose-est-gaie@docomo.ne.jp      ""              ""

### keel - XeNN ###
#kamata@xenn.com                 ""              ""
#sakiko@xenn.com                 ""              ""                                         

### keel - Uchida ###
#ryuichi.kondoh@uchida.co.jp     "内田洋行 近藤様"       "内田洋行 近藤様"
#ikeuchi@uchida.co.jp            "内田洋行 池内様"       "内田洋行 池内様"
#shigeo.f@uchida.co.jp           "内田洋行 藤原様"       "内田洋行 藤原様"
#mura@uchida.co.jp               "内田洋行 村様"         "内田洋行 村様"

### keel - Suruga Bank ###
#tmz0280@surugabank.co.jp        "スルガ銀行 武井様"     "スルガ銀行 武井様"  
#wgn0094@surugabank.co.jp        "スルガ銀行 若田部様"   "スルガ銀行 若田部様"  
#yms0470@surugabank.co.jp        "スルガ銀行 弓削様"     "スルガ銀行 弓削様"
#kgn0302@surugabank.co.jp        "スルガ銀行 小塩様"     "スルガ銀行 小塩様"
#ymz0506@surugabank.co.jp        "スルガ銀行 山本様"     "スルガ銀行 山本様"
#kij0154@surugabank.co.jp        "スルガ銀行 近藤様"     "スルガ銀行 近藤様"
#smj0350@surugabank.co.jp        "スルガ銀行 西條様"      "スルガ銀行 西條様"

### keel - nuco
#yoshinobu.saito@tm.softbank.co.jp       "ソフトバンクテレコム 齋藤様"   "ソフトバンクテレコム 齋藤様"
#tadahiro.hara@tm.softbank.co.jp         "ソフトバンクテレコム 原様"   "ソフトバンクテレコム 原様"
#takuro.nara@tm.softbank.co.jp         "ソフトバンクテレコム 奈良様"   "ソフトバンクテレコム 奈良様"
#akihiro.kurono@tm.softbank.co.jp         "ソフトバンクテレコム 黒野様"   "ソフトバンクテレコム 黒野様"
#ryota.yamanaka@tm.softbank.co.jp         "ソフトバンクテレコム 山中様"   "ソフトバンクテレコム 山中様"
#ichise@variosecure.net                   "バリオセキュア・ネットワークス 市瀬様"  "バリオセキュア・ネットワークス 市瀬様"

### 丸紅ソリューション
#naoki_watanabe@msol.co.jp       "丸紅ソリューション 渡辺様"     "丸紅ソリューション 渡辺様"
#39279_matsuzaki@msol.co.jp      "丸紅ソリューション 松崎様"     "丸紅ソリューション 松崎様"

### keel -PJ- Amuse
#aoki@amuse.co.jp                "青木 普起"     "青木 普起"
#marcy@sdatax.jp                 "渡辺 正士"     "渡辺 正士"
#chon@wb3.so-net.ne.jp           "長 俊弘"       "長 俊弘"
#smlte@rr.iij4u.or.jp            "石川 鉄男"     "石川 鉄男"
#tsato@highfreg.net              "佐藤 琢哉"     "佐藤 琢哉"

### keel -PJ- Groundworks ###
#karakim@kvh.co.jp               "KVH唐木様"     "KVH唐木様"
#yoshida@siteROCK.co.jp          "SR吉田様"      "SR吉田様"
#rfanini@itgroundwork.com        "Robert Fanini" "Robert Fanini"

### keel -PJ- Feel ###
#seto@feel-ing.co.jp             "FEEL瀬戸様"    "FEEL瀬戸様"
#fukuoka@feel-ing.co.jp          "FEEL福岡様"    "FEEL福岡様"

### IMS ###
# tomo@ims-am.co.jp               "御影社長"	"御影社長"
# momo2002.7@docomo.ne.jp         "御影社長(携帯)"        "御影社長(携帯)"
# ichiro@ims-am.co.jp		"御影専務"	"御影専務"
# ichi-deville-dhs_10-10@docomo.ne.jp             "御影専務(携帯)"	"御影専務(携帯)"
# hmikage@ims-am.co.jp            "御影常務"      "御影常務"
# hiroshi-giants-10-10@docomo.ne.jp               "御影常務(携帯)"        "御影常務(携帯)"
# kamimori@mwb.biglobe.ne.jp	"紙森常務"	"紙森常務"
# kin.mb.s.1010@docomo.ne.jp      "紙森常務(携帯)"	"紙森常務(携帯)"
# kuroki@ims-am.co.jp		"黒木部長"	"黒木部長"
# k.jitaro.1010@docomo.ne.jp      "黒木さん(携帯)"      "黒木さん(携帯)"
# sakamoto@ims-am.co.jp           "坂本"      "坂本"
# okutani@ims-am.co.jp		"奥谷"		"奥谷"
# okutani-san2819...@docomo.ne.jp "奥谷(携帯)"	"奥谷(携帯)"
# yossy_yssoy@docomo.ne.jp        "吉田(携帯)"    "吉田(携帯)"
# kusumi@ims-am.co.jp		"楠美"		"楠美"
dai.7karaagedaisuki@docomo.ne.jp                "楠美(携帯)"    "楠美(携帯)"
# fukui@ims-am.co.jp		"福井"		"福井"
# agito_555_kaze@docomo.ne.jp     "福井(携帯)"    "福井(携帯)"
# nishimura@ims-am.co.jp		"西村"		"西村"
# gacha.mb.a.10-10@ezweb.ne.jp    "西村(携帯)"    "西村(携帯)"
# suehiro@ims-am.co.jp		"末廣"		"末廣"
# sa7mi.earlgrey-milk-hot@docomo.ne.jp            "末廣(携帯)"	"末廣(携帯)"
# sato@ims-am.co.jp		"佐藤"		"佐藤"
# kobayashi@ims-am.co.jp		"小林"		"小林"
# akr3kbys7@docomo.ne.jp          "小林(携帯)"	"小林(携帯)"
# hamamoto@ims-am.co.jp		"浜本"		"浜本"
# suetsugu@ims-am.co.jp           "末次"          "末次"
# koike@ims-am.co.jp              "小池"          "小池"
# kikori-pooh.0219@ezweb.ne.jp    "小池(携帯)"    "小池(携帯)"
# matsumura@ims-am.co.jp          "松村"          "松村"
# m-yoshinao@ezweb.ne.jp          "松村(携帯)"    "松村(携帯)"
# takasu@ims-am.co.jp             "高須"          "高須"
# g-takasu10-11@docomo.ne.jp      "高須(携帯)"    "高須(携帯)"
# terao@ims-am.co.jp              "寺尾"          "寺尾"
# nakamura@ims-am.co.jp           "中村"          "中村"
# matsunaga@ims-am.co.jp          "松永"          "松永"
# yasukawa@ims-am.co.jp           "安川"          "安川"
# goto@ims-am.co.jp               "後藤"          "後藤"

### IMS バイト###
# aeko514-moe.sop...ane@docomo.ne.jp              "松本"  "松本"
# mars-asuna.45ojya-4@ezweb.ne.jp                 "あすな"  "あすな"
# ah...uh..moo-choi_nekasite@docomo.ne.jp         "北村"  "北村"   
# choco-love.bb-riku.ryubi1544-t@docomo.ne.jp     "木村"  "木村" 
# xx7e.to.tommie.w6.w.r.2ko1xx@docomo.ne.jp       "植村"  "植村"
# beloved.mt.my_05x3.kym.xxx@docomo.ne.jp         "吉野"  "吉野"
# maa-mii...mika@docomo.ne.jp                     "海田"  "海田"
# mika620320@yahoo.co.jp                          "海田"  "海田"
# ayuayu-bomb@ezweb.ne.jp                         "山本"  "山本"
# maa-y..upopoo@docomo.ne.jp                      "野木"  "野木"
# harutourai.y-.-y.demo.tondetta@docomo.ne.jp     "黒岩"  "黒岩"
# vuitton-lv@ezweb.ne.jp                          "松尾"  "松尾"
# nikoichi-v.-_-.v-simai@docomo.ne.jp             "撰"    "撰"
# twinkle.honey.aimi-tan@docomo.ne.jp             "奥野"  "奥野"

### IMS 外注 ###
# rarabo@sutv.zaq.ne.jp		"浦さん"	"浦さん"
# ishihara@ims-am.co.jp		"石原さん"	"石原さん"
# a_ozuka@hotmail.com>		"堀さん"	"堀さん" 
# yamagami@ai.wakwak.com		"山上さん"	"山上さん"
# aan02720@nyc.odn.ne.jp		"井上さん" 	"井上さん"
# k_satou7@hotmail.com            "佐藤さん"      "佐藤さん"
# satou_k@a2.rimnet.ne.jp         "佐藤さん"      "佐藤さん"
# takaumahironori1@hotmail.com    "高馬さん"      "高馬さん"
# morita@advan-tage.co.jp         "森田さん"      "森田さん"
# matsuikengo@mail.goo.ne.jp        "松井さん"      "松井さん"
# key_shimizu@yahoo.co.jp           "清水さん"      "清水さん"
# imashigeh@yahoo.co.jp		"今重さん"	"今重さん"
# ura_simataro@mail.goo.ne.jp   " 浦ひで"	" 浦ひで"	
# y-yanase@pop16.odn.ne.jp        "梁瀬 様"        "梁瀬 様"
# cay01404@pop16.odn.ne.jp        "林 様"         "林 様"

# shimbo@kore.mitene.or.jp	""		""
# shiota@yo.mitene.or.jp          ""              ""

# fukuoka@taxan.co.jp             ""              ""

# teruo.saito@ngw.konicaminolta.jp                ""      ""
# toshio.maruchi@konicaminolta.jp ""      ""
# yasunori.sakaguchi@konicaminolta.jp             ""      ""

# araki.ryuichi@pfu.fujitsu.com   "PFU 荒木様"    "PFU 荒木様"
# katsumi.uchida@pfu.fujitsu.com  "PFU 内田様"    "PFU 内田様"
# koichi.miyamoto@pfu.fujitsu.com "PFU 宮本様"    "PFU 宮本様"
# yokozawa@pfu.fujitsu.com        "PFU 横澤様"    "PFU 横澤様"
# fukuda.kenichi@pfu.fujitsu.com  "PFU 福田様"    "PFU 福田様"
# nakaya.fuminobu@pfu.fujitsu.com "PFU 中谷様"    "PFU 中谷様"
# yosida.sigenori@pfu.fujitsu.com "PFU 吉田様"    "PFU 吉田様"
# miyazakimasaaki@pfu.fujitsu.com "PFU 宮崎様"    "PFU 宮崎様"
# yotsuji@pfu.fujitsu.com         "PFU 四辻様"    "PFU 四辻様"
# m-kaneda@pfu.fujitsu.com        "PFU 金田様"    "PFU 金田様"

# k_oba@daitome.co.jp             ""              ""
# yo_ito@daitome.co.jp            ""              ""
# k_okamoto@daitome.co.jp         ""              ""

ninomiya@mcdesign.co.jp		""		""
utsuma@mcdesign.co.jp		""		""
staka@mcdesign.co.jp		""		""
# mii@mcdesign.co.jp		""		""
ikawa@mcdesign.co.jp		""		""
mitsutoshi@mcdesign.co.jp	""		""

ninomy@mail2.netwave.or.jp	""		""
staka@gem.e-catv.ne.jp		""		""
utsuma.private@anet.ne.jp	""		""

# k-kagaku.k@h2.dion.ne.jp        "共和科学 吉川社長"     "共和科学 吉川社長"
# ando@aaa-kk.co.jp		"フルハウス 安藤様"     "フルハウス 安藤様"
# yokota@aaa-kk.co.jp             "フルハウス 横田様"     "フルハウス 横田様"

# okada.shunichiro@megachips.co.jp ""		""
# sakamoto.hiroshi@megachips.co.jp ""		""
# maeda@megafusion.co.jp	         ""		""
# ninomiya.hiroshi@megachips.co.jp ""		""
# ozeki.tomotaka@megachips.co.jp	 ""		""
# tanaka.motoyasu@megachips.co.jp  ""		""
# iijima.yoichi@megachips.co.jp	 ""		""
# ukai.yukihiro@megachips.co.jp	 ""		""
# takata.akira@megachips.co.jp	 ""		""
# tanaka.toshiharu@megachips.co.jp ""		""
# morii.tadashi@megachips.co.jp	 ""		""
# kuramoto.masashi@megachips.co.jp ""		""
# takagi.shin@megachips.co.jp	 ""		""
# murakami.osamu@megachips.co.jp	 ""		""
# utsunomiya.masatomi@megachips.co.jp		""	""
# fukuda.daisuke@megachips.co.jp   ""		""
# osafune.katsuji@megachips.co.jp	 ""		""
# sakaya.misato@megachips.co.jp	 ""		""
# hayashi.yoshimasa@megachips.co.jp 		""	""
# sumitomo.kensuke@megachips.co.jp		""	""

# kamiya@megafusion.co.jp		 ""		""
# kubota@megafusion.co.jp		 ""		""

# mizoguchi@docomo-machine.co.jp	 ""		""
# matsuzaki@docomo-machine.co.jp	 ""		""

# eiji_uehira@docomo-kansai.co.jp	 ""		""
# masahiro_watanabe@docomo-kansai.co.jp		""	""
# hidemi_fukunaga@docomo-kansai.co.jp		""	""

# tetsuyat@fusionsys.com		 ""		""
# masaot@fusionsys.com		 ""		""
# takahashi@marks-japan.co.jp	 ""		""

# nakaji@amu.hitachi-sk.co.jp      ""             ""
# mochi@amu.hitachi-sk.co.jp       ""             ""
# ueda@amu.hitachi-sk.co.jp        ""             ""
# try@hitachisoft.jp               ""             ""
# hanamizu@hitachisoft.jp          ""             ""
# ohmizu@amu.hitachi-sk.co.jp      ""             ""

# kimura@insnet.co.jp              ""             ""

# h.okaue@prime-market.co.jp       ""             ""

# matano@delphys.co.jp             ""             ""

# takashi_mishima@furyu.omron.co.jp               ""      ""
# imai@furyu.omron.co.jp                          ""      ""
# shinji_nakamura@furyu.omron.co.jp               ""      ""

# tsukiyama-h@tokyo.shinko-elec.co.jp             ""      ""

